...1,Students in formal tertiary education 1965-2018,...3,...4,...5,...6,...7,...8
,,,,,,,
,Year,Domestic,International,Total,Domestic,International,Total
,,Public providers,,,Public and private training establishments,,
,1965,,,51613,,,
,1966,,,57450,,,
,1967,,,60658,,,
,1968,,,66690,,,
,1969,,,73934,,,
,1970,,,79839,,,
,1971,,,86708,,,
,1972,,,95092,,,
,1973,,,95965,,,
,1974,,,94340,,,
,1975,,,96683,,,
,1976,,,104519,,,
,1977,,,102310,,,
,1978,,,107801,,,
,1979,,,114719,,,
,1980,,,116002,,,
,1981,,,116475,,,
,1982,,,117111,,,
,1983,,,120507,,,
,1984,,,120261,,,
,1985,,,121493,,,
,1986,,,127296,,,
,1987,,,132042,,,
,1988,,,136555,,,
,1989,,,141315,,,
,1990,,,141456,,,
,1991,,,165115,,,
,1992,,,181125,,,
,1993,,,197134,,,
,1994,245950,6320,252270,,,
,1995,259240,7605,266845,,,
,1996,260570,9520,270090,,,
,1997,258935,9560,268495,,,
,1998,259280,9240,268520,,,
,1999,257705,10090,267800,294425,11740,306165
,2000,266765,13190,279960,314615,16575,331190
,2001,279875,20015,299890,342440,26225,368665
,2002,313360,29755,343115,379825,38355,418180
,2003,355610,37660,393270,407425,47090,454515
,2004,377380,41525,418900,432750,50355,483105
,2005,391285,39325,430610,452415,47280,499695
,2006,383735,35370,419105,445490,42735,488220
,2007,381920,32550,414470,441720,40010,481730
,2008,362145,31620,393765,418665,39790,458450
,2009,365485,33730,399215,423000,43390,466390
,2010,361800,35100,396895,418140,45615,463755
,2011,326640,35475,362115,381415,48050,429465
,2012,322285,35670,357960,372705,47460,420160
,2013,312310,36350,348660,368650,47955,416610
,2014,308660,38965,347625,363050,53845,416895
,2015,306875,43295,350175,357875,61400,419275
,2016,306980,45795,352770,353320,62590,415910
,2017,298035,47715,345750,343430,61320,404745
,2018,291605,48710,340315,335410,60810,396220
,,,,,,,
,Notes:,,,,,,
1,Data before 1994 relates to formal students enrolled at 31 July.  Data from 1994 relates to students enrolled at any time during the year with a tertiary education provider in formal qualifications of greater than 0.03 EFTS (more than one week's full-time duration).,,,,,,
2,Data excludes all non-formal learning and on-job industry training.,,,,,,
3,"Data includes those private training establishments that received Student Achievement Component funding, and/or had students with student loans or allowances, and/or Youth Guarantee programmes.",,,,,,
4,Data collections from private training establishments were started from 1999.,,,,,,
5,"Blank cells relate to data that is missing, not available or not applicable.",,,,,,
6,International students are those studying here without New Zealand/Australian citizenship or permanent residence status. Students studying off-shore at tertiary education providers that are registered in New Zealand are considered international students unless they hold New Zealand citizenship.,,,,,,
7,"Data in this table has been revised, and may differ from previously published figures.",,,,,,
8,"Data in this table, including totals, have been rounded to the nearest 5 to protect the privacy of individuals, so the sum of individual counts may not add to the total.",,,,,,
,,,,,,,
,,,,,,,
,,,,,,,
,,,,,,,
,,,,,,,
,,,,,,,
,,,,,,,
,,,,,,,
,,,,,,,
,,,,,,,
,,,,,,,
